{
  "last_node_id": 4,
  "last_link_id": 3,
  "nodes": [
    {
      "id": 3,
      "type": "SaveImage",
      "pos": [
        1103,
        268
      ],
      "size": {
        "0": 315,
        "1": 270
      },
      "flags": {},
      "order": 3,
      "mode": 0,
      "inputs": [
        {
          "name": "images",
          "type": "IMAGE",
          "link": 2
        }
      ],
      "properties": {},
      "widgets_values": [
        "ComfyUI"
      ]
    },
    {
      "id": 2,
      "type": "NSFWDetection",
      "pos": [
        678,
        254
      ],
      "size": {
        "0": 315,
        "1": 78
      },
      "flags": {},
      "order": 2,
      "mode": 0,
      "inputs": [
        {
          "name": "image",
          "type": "IMAGE",
          "link": 1
        },
        {
          "name": "alternative_image",
          "type": "IMAGE",
          "link": 3,
          "slot_index": 1
        }
      ],
      "outputs": [
        {
          "name": "IMAGE",
          "type": "IMAGE",
          "links": [
            2
          ],
          "shape": 3,
          "slot_index": 0
        }
      ],
      "properties": {
        "Node name for S&R": "NSFWDetection"
      },
      "widgets_values": [
        0.9
      ]
    },
    {
      "id": 1,
      "type": "LoadImage",
      "pos": [
        217,
        269
      ],
      "size": {
        "0": 315,
        "1": 314
      },
      "flags": {},
      "order": 0,
      "mode": 0,
      "outputs": [
        {
          "name": "IMAGE",
          "type": "IMAGE",
          "links": [
            1
          ],
          "shape": 3,
          "slot_index": 0
        },
        {
          "name": "MASK",
          "type": "MASK",
          "links": null,
          "shape": 3
        }
      ],
      "properties": {
        "Node name for S&R": "LoadImage"
      },
      "widgets_values": [
        "175147250077820928003 (1).png",
        "image"
      ]
    },
    {
      "id": 4,
      "type": "LoadImage",
      "pos": [
        220,
        692
      ],
      "size": {
        "0": 315,
        "1": 314
      },
      "flags": {},
      "order": 1,
      "mode": 0,
      "outputs": [
        {
          "name": "IMAGE",
          "type": "IMAGE",
          "links": [
            3
          ],
          "shape": 3
        },
        {
          "name": "MASK",
          "type": "MASK",
          "links": null,
          "shape": 3
        }
      ],
      "properties": {
        "Node name for S&R": "LoadImage"
      },
      "widgets_values": [
        "违规提示图.png",
        "image"
      ]
    }
  ],
  "links": [
    [
      1,
      1,
      0,
      2,
      0,
      "IMAGE"
    ],
    [
      2,
      2,
      0,
      3,
      0,
      "IMAGE"
    ],
    [
      3,
      4,
      0,
      2,
      1,
      "IMAGE"
    ]
  ],
  "groups": [],
  "config": {},
  "extra": {},
  "version": 0.4
}